Student Name,Admission No,Class Name,Section Name,Parent Name,Parent Email,Parent Phone
Ahmed Ali,1001,Junior,A,Ali Khan,ali.khan1@test.com,03001000001
Fatima Bibi,1002,Junior,B,Usman Bibi,usman.bibi2@test.com,03001000002
Bilal Ahmed,1003,Junior,A,Ahmed Raza,ahmed.raza3@test.com,03001000003
Zainab Malik,1004,Junior,B,Malik Feroz,malik.feroz4@test.com,03001000004
Omar Farooq,1005,Junior,A,Farooq Ahmed,farooq.ahmed5@test.com,03001000005
Ayesha Khan,1006,Junior,B,Kabir Khan,kabir.khan6@test.com,03001000006
Hassan Raza,1007,Junior,A,Raza Ali,raza.ali7@test.com,03001000007
Mariam Yasin,1008,Junior,B,Yasin Bhatti,yasin.bhatti8@test.com,03001000008
Usman Ghani,1009,Junior,A,Ghani Rehman,ghani.rehman9@test.com,03001000009
Sana Ullah,1010,Junior,B,Sanaullah Khan,sanaullah10@test.com,03001000010
Hamza Shah,1011,Junior,A,Shahid Shah,shahid.shah11@test.com,03001000011
Khadija Noor,1012,Junior,B,Noor Hassan,noor.hassan12@test.com,03001000012
Mustafa Kamal,1013,Junior,A,Kamal Uddin,kamal.uddin13@test.com,03001000013
Hira Mani,1014,Junior,B,Mani Salman,mani.salman14@test.com,03001000014
Saad Rafique,1015,Junior,A,Rafique Ahmed,rafique.ahmed15@test.com,03001000015
Amna Ilyas,1016,1st,A,Ilyas Kashmiri,ilyas.kashmiri16@test.com,03001000016
Fahad Mustafa,1017,1st,B,Mustafa Qureshi,mustafa.qureshi17@test.com,03001000017
Sara Loren,1018,1st,A,Loren Bhatti,loren.bhatti18@test.com,03001000018
Danish Taimoor,1019,1st,B,Taimoor Ali,taimoor.ali19@test.com,03001000019
Ayeza Khan,1020,1st,A,Khan Muhammad,khan.muhammad20@test.com,03001000020
Imran Abbas,1021,1st,B,Abbas Ali,abbas.ali21@test.com,03001000021
Saba Qamar,1022,1st,A,Qamar Zaman,qamar.zaman22@test.com,03001000022
Ahsan Khan,1023,1st,B,Akbar Khan,akbar.khan23@test.com,03001000023
Mahira Khan,1024,1st,A,Hafeez Khan,hafeez.khan24@test.com,03001000024
Fawad Khan,1025,1st,B,Afzal Khan,afzal.khan25@test.com,03001000025
Maya Ali,1026,1st,A,Shaukat Ali,shaukat.ali26@test.com,03001000026
Osman Khalid,1027,1st,B,Khalid Butt,khalid.butt27@test.com,03001000027
Sajal Aly,1028,1st,A,Aly Ahmed,aly.ahmed28@test.com,03001000028
Ahad Raza,1029,1st,B,Raza Mir,raza.mir29@test.com,03001000029
Kubra Khan,1030,1st,A,Nisar Khan,nisar.khan30@test.com,03001000030
Yumna Zaidi,1031,2nd,A,Jameel Zaidi,jameel.zaidi31@test.com,03001000031
Bilal Abbas,1032,2nd,B,Abbas Khan,abbas.khan32@test.com,03001000032
Hania Aamir,1033,2nd,A,Aamir Sohail,aamir.sohail33@test.com,03001000033
Asim Azhar,1034,2nd,B,Azhar Hussain,azhar.hussain34@test.com,03001000034
Iqra Aziz,1035,2nd,A,Aziz Ahmed,aziz.ahmed35@test.com,03001000035
Yasir Hussain,1036,2nd,B,Hussain Shah,hussain.shah36@test.com,03001000036
Urwa Hocane,1037,2nd,A,Mushtaq Hocane,mushtaq.hocane37@test.com,03001000037
Farhan Saeed,1038,2nd,B,Saeed Anwar,saeed.anwar38@test.com,03001000038
Mawra Hocane,1039,2nd,A,Mushtaq Hocane,mushtaq.hocane39@test.com,03001000039
Feroze Khan,1040,2nd,B,Khan Akbar,khan.akbar40@test.com,03001000040
Ramsha Khan,1041,2nd,A,Naeem Khan,naeem.khan41@test.com,03001000041
Wahaj Ali,1042,2nd,B,Ali Hassan,ali.hassan42@test.com,03001000042
Kinza Hashmi,1043,2nd,A,Hashmi Syed,hashmi.syed43@test.com,03001000043
Affan Waheed,1044,2nd,B,Waheed Ahmed,waheed.ahmed44@test.com,03001000044
Sarah Khan,1045,2nd,A,Zafar Khan,zafar.khan45@test.com,03001000045
Falak Shabir,1046,2nd,B,Shabir Ahmed,shabir.ahmed46@test.com,03001000046
Aiman Khan,1047,2nd,A,Mubeen Khan,mubeen.khan47@test.com,03001000047
Muneeb Butt,1048,2nd,B,Butt Sahib,butt.sahib48@test.com,03001000048
Minal Khan,1049,2nd,A,Mubeen Khan,mubeen.khan49@test.com,03001000049
Ahsan Mohsin,1050,2nd,B,Mohsin Ikram,mohsin.ikram50@test.com,03001000050
